{
  "mamba": {
    "detection": {
      "accuracy": 0.7112301413788078,
      "macro_f1": 0.45328048452234065,
      "macro_precision": 0.45272416797276016,
      "macro_recall": 0.5322663881643129,
      "roc_auc": 0.9278609520214935,
      "pr_auc": 0.4495169815832397,
      "fpr": 0.03158898502586579,
      "per_class_f1": {
        "Normal": 0.8191253354845716,
        "Generic": 0.9774772347648042,
        "Exploits": 0.6419525450046096,
        "Fuzzers": 0.33836960198444016,
        "DoS": 0.2596941561987985,
        "Reconnaissance": 0.8258691809074838,
        "Analysis": 0.06234502302515055,
        "Backdoor": 0.09854132901134521,
        "Shellcode": 0.31895424836601305,
        "Worms": 0.19047619047619047
      },
      "confusion_matrix": [
        [
          26400,
          11,
          818,
          8306,
          189,
          100,
          904,
          11,
          256,
          5
        ],
        [
          7,
          18141,
          500,
          42,
          112,
          5,
          2,
          28,
          26,
          8
        ],
        [
          144,
          56,
          6615,
          173,
          1201,
          263,
          463,
          2031,
          155,
          31
        ],
        [
          844,
          16,
          486,
          3001,
          366,
          62,
          190,
          745,
          350,
          2
        ],
        [
          33,
          19,
          677,
          73,
          951,
          40,
          371,
          1875,
          46,
          4
        ],
        [
          15,
          1,
          230,
          31,
          84,
          2803,
          39,
          229,
          64,
          0
        ],
        [
          6,
          0,
          49,
          2,
          164,
          4,
          88,
          362,
          2,
          0
        ],
        [
          3,
          0,
          21,
          4,
          148,
          5,
          89,
          304,
          9,
          0
        ],
        [
          7,
          2,
          55,
          42,
          15,
          10,
          0,
          2,
          244,
          1
        ],
        [
          0,
          1,
          26,
          2,
          5,
          0,
          0,
          0,
          0,
          10
        ]
      ]
    },
    "n_params": 3922442
  },
  "rwkv": {
    "detection": {
      "accuracy": 0.7237890492153719,
      "macro_f1": 0.47089835548362924,
      "macro_precision": 0.4633544177229923,
      "macro_recall": 0.5522388293516428,
      "roc_auc": 0.9363947334011679,
      "pr_auc": 0.4703847115050646,
      "fpr": 0.03035721155708431,
      "per_class_f1": {
        "Normal": 0.8240368470508496,
        "Generic": 0.9829052947964468,
        "Exploits": 0.6632231404958677,
        "Fuzzers": 0.33234662487666145,
        "DoS": 0.3360055768560474,
        "Reconnaissance": 0.8445687371209891,
        "Analysis": 0.08333333333333333,
        "Backdoor": 0.0827438370846731,
        "Shellcode": 0.31420612813370474,
        "Worms": 0.24561403508771928
      },
      "confusion_matrix": [
        [
          26747,
          6,
          658,
          7990,
          189,
          58,
          978,
          3,
          367,
          4
        ],
        [
          7,
          18313,
          357,
          31,
          102,
          7,
          5,
          18,
          23,
          8
        ],
        [
          122,
          34,
          6741,
          158,
          1589,
          290,
          441,
          1539,
          185,
          33
        ],
        [
          985,
          16,
          456,
          2863,
          557,
          25,
          270,
          461,
          426,
          3
        ],
        [
          26,
          16,
          661,
          65,
          1446,
          45,
          310,
          1459,
          57,
          4
        ],
        [
          15,
          5,
          182,
          16,
          133,
          2869,
          25,
          181,
          68,
          2
        ],
        [
          3,
          0,
          47,
          4,
          272,
          0,
          123,
          228,
          0,
          0
        ],
        [
          0,
          0,
          33,
          7,
          220,
          0,
          123,
          193,
          7,
          0
        ],
        [
          12,
          1,
          37,
          30,
          10,
          4,
          0,
          0,
          282,
          2
        ],
        [
          0,
          1,
          24,
          3,
          0,
          0,
          0,
          0,
          2,
          14
        ]
      ]
    },
    "n_params": 3556874
  },
  "hybrid": {
    "detection": {
      "accuracy": 0.7156269737161736,
      "macro_f1": 0.45701250813753164,
      "macro_precision": 0.45352561489376075,
      "macro_recall": 0.538700841428356,
      "roc_auc": 0.9257369986788836,
      "pr_auc": 0.4513765996732995,
      "fpr": 0.0311241967554635,
      "per_class_f1": {
        "Normal": 0.8231749710312862,
        "Generic": 0.9806860611921455,
        "Exploits": 0.6506789098368663,
        "Fuzzers": 0.3365257785169467,
        "DoS": 0.26554576994929274,
        "Reconnaissance": 0.8235120801414261,
        "Analysis": 0.07157326130992572,
        "Backdoor": 0.09342619330728724,
        "Shellcode": 0.31865284974093266,
        "Worms": 0.20634920634920634
      },
      "confusion_matrix": [
        [
          26640,
          16,
          769,
          8097,
          188,
          97,
          891,
          11,
          281,
          10
        ],
        [
          10,
          18254,
          378,
          35,
          112,
          18,
          1,
          28,
          25,
          10
        ],
        [
          119,
          43,
          6661,
          161,
          1225,
          275,
          501,
          1957,
          153,
          37
        ],
        [
          870,
          17,
          520,
          2934,
          440,
          35,
          227,
          683,
          333,
          3
        ],
        [
          46,
          12,
          646,
          73,
          995,
          58,
          413,
          1786,
          56,
          4
        ],
        [
          23,
          7,
          226,
          28,
          87,
          2795,
          41,
          220,
          66,
          3
        ],
        [
          4,
          0,
          48,
          0,
          177,
          0,
          106,
          342,
          0,
          0
        ],
        [
          0,
          1,
          23,
          6,
          162,
          6,
          105,
          275,
          5,
          0
        ],
        [
          13,
          5,
          50,
          38,
          16,
          8,
          0,
          0,
          246,
          2
        ],
        [
          0,
          1,
          21,
          3,
          3,
          0,
          0,
          2,
          1,
          13
        ]
      ]
    },
    "n_params": 6285834
  },
  "transformer": {
    "detection": {
      "accuracy": 0.7133921197104407,
      "macro_f1": 0.47257603602198167,
      "macro_precision": 0.4612817212941005,
      "macro_recall": 0.6005192603908168,
      "roc_auc": 0.9386783117854158,
      "pr_auc": 0.5172852589041651,
      "fpr": 0.030786205185984634,
      "per_class_f1": {
        "Normal": 0.8035415171093563,
        "Generic": 0.9814695108812755,
        "Exploits": 0.6646920026105728,
        "Fuzzers": 0.3652257856913011,
        "DoS": 0.36824252702989185,
        "Reconnaissance": 0.8479515291402193,
        "Analysis": 0.018525115781973637,
        "Backdoor": 0.10268734979244046,
        "Shellcode": 0.29081632653061223,